Apple iPhone 11 Pro Max 6,5'' 256GB Oro; 1.414€; Descuento: 1.429€; Fnac
Apple iPhone 11 Pro 5,8'' 256GB Gris espacial; 1.314€; Descuento: 1.329€; Fnac
Apple iPhone 11 Pro Max 6,5'' 256GB Gris espacial; 1.414€; Descuento: 1.429€; Fnac
Apple iPhone 11 Pro 5,8'' 64GB Gris espacial; 1.144€; Descuento: 1.159€; Fnac
Apple iPhone 11 Pro 5,8'' 64GB Oro; 1.144€; Descuento: 1.159€; Fnac
Apple iPhone 11 Pro Max 6,5'' 64GB Gris espacial; 1.244€; Descuento: 1.259€; Fnac
Apple iPhone 11 Pro Max 6,5'' 256GB Verde noche; 1.414€; Descuento: 1.429€; Fnac
Apple iPhone 11 Pro Max 6,5'' 64GB Verde noche; 1.244€; Descuento: 1.259€; Fnac
Apple iPhone 11 Pro Max 6,5'' 512GB Plata; 1.644€; Descuento: 1.659€; Fnac
Apple iPhone 11 Pro Max 6,5'' 512GB Verde noche; 1.644€; Descuento: 1.659€; Fnac
Apple iPhone 11 Pro 5,8'' 256GB Verde noche; 1.314€; Descuento: 1.329€; Fnac
Apple iPhone 11 Pro Max 6,5'' 64GB Oro; 1.244€; Descuento: 1.259€; Fnac
Apple iPhone 11 Pro 5,8'' 64GB Plata; 1.144€; Descuento: 1.159€; Fnac
Apple iPhone 11 Pro Max 6,5'' 512GB Gris espacial; 1.644€; Descuento: 1.659€; Fnac
Apple iPhone 11 Pro 5,8'' 512GB Gris espacial; 1.544€; Descuento: 1.559€; Fnac
Apple iPhone 11 Pro 5,8'' 256GB Plata; 1.314€; Descuento: 1.329€; Fnac
Apple iPhone 11 Pro Max 6,5'' 64GB Plata; 1.244€; Descuento: 1.259€; Fnac
Apple iPhone 11 Pro Max 6,5'' 256GB Plata; 1.414€; Descuento: 1.429€; Fnac
Apple iPhone 11 Pro Max 6,5'' 512GB Oro; 1.644€; Descuento: 1.659€; Fnac
Apple iPhone 11 Pro 5,8'' 512GB Verde noche; 1.544€; Descuento: 1.559€; Fnac
Apple iPhone 11 Pro Max 64GB Verde Noche Libre; 1259 €; ; Pccomponentes
Apple iPhone 11 Pro 64GB Gris Espacial Libre; 1159 €; ; Pccomponentes
Apple iPhone 11 Pro 64GB Plata Libre; 1159 €; ; Pccomponentes
Apple iPhone 11 Pro 64GB Verde Noche Libre; 1159 €; ; Pccomponentes
Apple iPhone 11 Pro Max 64GB Plata Libre; 1259 €; ; Pccomponentes
Apple iPhone 11 Pro Max 64GB Gris Espacial Libre; 1259 €; ; Pccomponentes
Apple iPhone 11 Pro 64GB Dorado Libre; 1159 €; ; Pccomponentes
Apple iPhone 11 Pro Max 256GB Gris Espacial Libre; 1534 €; ; Pccomponentes
Apple iPhone 11 Pro 256GB Verde Noche Libre; 1485,15 €; ; Pccomponentes
Apple iPhone 11 Pro Max 512GB Plata Libre; 1659 €; ; Pccomponentes
Apple iPhone 11 Pro 256GB Gris Espacial Libre; 1326,52 €; ; Pccomponentes
Apple iPhone 11 Pro Max 512GB Verde Noche Libre; 1659 €; ; Pccomponentes
Apple iPhone 11 Pro Max 512GB Gris Espacial Libre; 1659 €; ; Pccomponentes
Apple iPhone 11 Pro 512GB Gris Espacial Libre; 1559 €; ; Pccomponentes
Apple iPhone 11 Pro Max 512GB Dorado Libre; 1659 €; ; Pccomponentes
Apple iPhone 11 Pro Max 64GB Gris Espacial Libre Reacondicionado; 1213,48 €; ; Pccomponentes
Apple iPhone 11 Pro Max 256GB Verde Noche Libre; 1597,90 €; ; Pccomponentes
Apple iPhone 11 Pro 512GB Verde Noche Libre; 1559 €; ; Pccomponentes
Apple iPhone 11 Pro 64GB Verde Noche Libre Reacondicionado; 1135,83 €; ; Pccomponentes
Apple iPhone 11 Pro 64GB Dorado Libre Reacondicionado; 1135,83 €; ; Pccomponentes
Apple iPhone 11 Pro Max 256GB Dorado Libre; 1429 €; ; Pccomponentes
Apple iPhone 11 Pro Max 256GB Plata Libre; 1429 €; ; Pccomponentes
Apple iPhone 11 Pro 256GB Dorado Libre; 1329 €; ; Pccomponentes
Apple iPhone 11 Pro Max 64GB Dorado Libre; 1259 €; ; Pccomponentes
Apple iPhone 11 Pro (256 GB) - de en Verde Noche; 1.271,67; ; Amazon
Apple iPhone 11 Pro (256 GB) - Gris Espacial; 1.244,75; ; Amazon
Apple iPhone 11 Pro (64 GB) - Gris espacial; 1.115,58; ; Amazon
Apple iPhone 11 Pro (64 GB) - de en Verde Noche; 1.079,00; ; Amazon
Apple iPhone 11 (128 GB) - en Negro; 812,08; ; Amazon
Apple iPhone 11 Pro Max (256 GB) - de en Verde Noche; 1.339,00; ; Amazon
Apple iPhone 11 Pro Max (64 GB) - de en Verde Noche; 1.178,28; ; Amazon
Apple iPhone 11 (128 GB) - (PRODUCT)RED; 831,52; ; Amazon
Apple iPhone 11 Pro (256 GB) - Plata; 1.282,41; ; Amazon
Apple iPhone 11 Pro (64 GB) - Plata; 1.115,63; ; Amazon
Apple iPhone 11 Pro (512 GB) - Gris Espacial; 1.444,10; ; Amazon
Apple iPhone 11 Pro (512 GB) - de en Verde Noche; 1.498,57; ; Amazon
